Id,Warehouse_Id,Product_Id,Quantity,Status
1,7,8,1,Shipped
2,14,20,29,In Progress
3,10,27,13,Pending
4,4,24,11,Pending
5,13,4,35,Pending
6,15,27,3,Shipped
7,11,19,10,Shipped
8,14,24,31,Pending
9,14,29,10,Pending
10,3,15,11,Pending
11,1,8,14,Shipped
12,11,11,11,In Progress
13,12,6,49,Shipped
14,11,16,20,Pending
15,13,23,49,Shipped
16,2,21,6,Pending
17,3,15,24,Pending
18,23,9,45,Pending
19,16,22,22,In Progress
20,12,4,46,In Progress
21,25,24,7,Shipped
22,20,18,34,Shipped
23,9,13,10,Pending
24,5,10,5,Pending
25,15,11,3,Pending
26,1,27,35,Pending
27,17,9,40,In Progress
28,11,12,46,Pending
29,2,29,26,Pending
30,19,22,14,In Progress
31,1,20,50,In Progress
32,11,28,31,In Progress
33,11,3,45,Pending
34,17,17,35,In Progress
35,11,17,3,Shipped
36,11,2,16,In Progress
37,11,17,39,Pending
38,14,12,12,In Progress
39,20,16,29,In Progress
40,4,2,40,Pending
41,12,16,2,In Progress
42,12,5,17,In Progress
43,12,20,28,Pending
44,24,16,20,Pending
45,8,28,20,In Progress
46,15,26,11,Pending
47,13,25,24,Shipped
48,13,7,40,Shipped
49,22,5,44,In Progress
50,19,3,43,Shipped
51,15,16,43,In Progress
52,12,28,7,Pending
53,18,20,33,Pending
54,1,24,14,In Progress
55,11,3,24,Shipped
56,20,25,8,Pending
57,7,22,17,In Progress
58,23,19,27,Shipped
59,25,3,5,Pending
60,9,23,5,Shipped
61,23,3,26,In Progress
62,25,10,29,Shipped
63,21,10,14,Pending
64,3,19,35,Shipped
65,6,27,13,Shipped
66,4,30,26,Pending
67,21,5,24,In Progress
68,11,3,33,In Progress
69,9,8,22,Shipped
70,5,29,13,Pending
71,15,22,10,Pending
72,16,20,36,Pending
73,1,18,44,In Progress
74,11,1,41,Shipped
75,8,15,31,Pending
76,25,17,10,In Progress
77,25,27,25,Pending
78,21,11,12,Pending
79,18,19,34,Shipped
80,19,19,20,Shipped
81,15,5,7,Pending
82,18,4,19,Shipped
83,21,10,20,Shipped
84,5,20,40,In Progress
85,14,2,9,Shipped
86,18,12,8,Pending
87,3,30,44,In Progress
88,18,23,41,Pending
89,5,20,47,In Progress
90,4,30,6,Shipped
91,9,20,48,In Progress
92,2,28,23,Shipped
93,22,16,33,Pending
94,1,9,14,Pending
95,10,4,20,Pending
96,1,21,13,Shipped
97,13,28,35,In Progress
98,21,14,10,In Progress
99,7,3,3,Shipped
100,25,25,9,Shipped
101,1,18,20,Shipped
102,3,23,23,In Progress
103,11,24,18,In Progress
104,23,26,9,Pending
105,13,2,9,Pending
106,20,29,26,In Progress
107,8,5,45,Shipped
108,21,7,49,Shipped
109,9,13,46,Pending
110,10,20,21,Shipped
111,5,10,46,Shipped
112,1,29,19,Shipped
113,19,13,8,In Progress
114,4,7,34,In Progress
115,22,16,22,Shipped
116,20,2,24,In Progress
117,20,19,31,Shipped
118,17,29,25,Shipped
119,22,16,17,Pending
120,1,22,24,In Progress
121,17,24,6,In Progress
122,19,12,29,Shipped
123,4,24,8,Shipped
124,4,3,18,Pending
125,10,26,1,In Progress
126,24,5,5,In Progress
127,14,22,18,In Progress
128,25,18,48,Shipped
129,6,8,39,In Progress
130,11,16,41,In Progress
131,11,14,10,Pending
132,18,9,41,In Progress
133,13,6,2,Shipped
134,17,26,13,In Progress
135,17,11,14,Shipped
136,24,27,2,Shipped
137,9,21,47,In Progress
138,7,25,35,Shipped
139,13,9,16,Pending
140,9,23,21,In Progress
141,22,21,33,Shipped
142,8,22,32,Shipped
143,12,29,17,In Progress
144,12,12,11,In Progress
145,12,5,29,In Progress
146,16,17,39,In Progress
147,15,8,8,Pending
148,25,26,27,In Progress
149,11,24,17,In Progress
150,21,1,23,Shipped
151,2,20,23,Shipped
152,15,16,21,Shipped
153,25,29,45,Shipped
154,5,6,31,In Progress
155,2,29,19,In Progress
156,5,10,38,In Progress
157,6,6,18,Shipped
158,4,10,29,Pending
159,21,4,35,Pending
160,24,2,22,Shipped
161,1,12,14,In Progress
162,23,28,13,Shipped
163,21,29,29,In Progress
164,25,30,21,Shipped
165,15,14,12,Pending
166,10,15,44,In Progress
167,18,8,24,In Progress
168,4,6,43,In Progress
169,18,5,35,Pending
170,3,17,6,Shipped
171,6,10,37,Pending
172,23,18,48,Pending
173,10,4,45,Pending
174,11,20,22,Shipped
175,14,16,9,Pending
176,2,20,4,Pending
177,20,3,40,In Progress
178,22,23,5,Shipped
179,13,8,46,Pending
180,10,14,18,Pending
181,7,2,7,Pending
182,15,1,20,Pending
183,21,14,11,Shipped
184,16,14,21,Shipped
185,2,17,39,Shipped
186,5,29,43,Pending
187,17,2,12,Pending
188,21,15,19,Pending
189,24,11,42,Pending
190,23,17,13,Shipped
191,5,28,22,Pending
192,6,27,21,Shipped
193,9,16,31,Shipped
194,12,9,24,Shipped
195,6,10,16,Shipped
196,25,20,12,Shipped
197,1,22,22,Shipped
198,16,17,44,Shipped
199,12,19,49,Pending
200,18,26,20,Shipped
201,5,29,3,In Progress
202,13,4,43,Shipped
203,20,16,40,Shipped
204,6,15,10,In Progress
205,21,23,46,Shipped
206,16,10,44,Pending
207,5,5,50,Shipped
208,8,11,40,Shipped
209,17,12,25,In Progress
210,8,27,35,Pending
211,16,3,30,Shipped
212,18,6,46,Shipped
213,25,28,21,Pending
214,16,12,42,Pending
215,23,15,43,Pending
216,3,18,13,Pending
217,7,13,39,Shipped
218,8,1,48,Pending
219,23,9,43,In Progress
220,2,4,33,Shipped
221,2,14,2,Shipped
222,8,17,41,In Progress
223,16,25,39,Pending
224,5,19,14,Pending
225,7,4,47,Pending
226,1,22,28,In Progress
227,20,10,9,Shipped
228,19,13,15,Pending
229,24,12,11,In Progress
230,12,23,25,Pending
231,8,8,44,Pending
232,14,5,46,Pending
233,23,14,24,In Progress
234,16,27,10,In Progress
235,2,2,49,In Progress
236,19,11,43,Shipped
237,4,20,29,In Progress
238,11,5,7,Shipped
239,22,19,20,Pending
240,15,19,27,Pending
241,1,30,33,Shipped
242,19,17,40,Pending
243,19,15,31,In Progress
244,20,16,32,Shipped
245,19,3,45,Pending
246,15,28,16,In Progress
247,9,4,34,Shipped
248,16,1,28,In Progress
249,13,15,32,Pending
250,18,8,6,In Progress
251,13,5,4,In Progress
252,9,29,36,In Progress
253,8,14,43,Shipped
254,24,1,24,Shipped
255,3,15,12,In Progress
256,2,1,2,Pending
257,1,25,46,Shipped
258,8,28,1,Pending
259,14,22,17,In Progress
260,25,1,28,Shipped
261,13,10,18,Shipped
262,13,21,36,In Progress
263,11,3,37,Shipped
264,11,7,13,Shipped
265,15,11,16,In Progress
266,14,14,29,Shipped
267,3,30,16,Shipped
268,24,23,18,Shipped
269,6,29,28,In Progress
270,25,26,9,In Progress
271,8,11,32,Shipped
272,8,19,12,Shipped
273,15,1,25,Shipped
274,10,7,12,In Progress
275,5,6,39,Pending
276,22,17,32,In Progress
277,24,26,42,In Progress
278,1,8,29,In Progress
279,13,4,39,Shipped
280,17,18,47,In Progress
281,15,10,32,In Progress
282,19,5,1,Pending
283,4,26,39,Shipped
284,1,19,45,Shipped
285,23,29,27,In Progress
286,16,17,18,Shipped
287,16,25,44,Shipped
288,20,25,36,Pending
289,19,22,7,In Progress
290,6,28,12,Pending
291,9,16,11,In Progress
292,17,5,32,In Progress
293,10,25,45,Pending
294,15,23,3,Shipped
295,7,2,36,In Progress
296,14,28,6,In Progress
297,22,23,11,In Progress
298,21,15,45,In Progress
299,21,18,28,In Progress
300,8,16,12,In Progress
301,1,30,14,In Progress
302,5,18,1,Pending
303,5,4,7,Shipped
304,20,16,39,Shipped
305,17,4,38,Pending
306,20,9,34,Shipped
307,4,27,8,Shipped
308,10,13,44,Shipped
309,9,20,28,In Progress
310,21,5,14,Pending
311,1,14,14,Pending
312,10,12,12,Pending
313,15,27,29,Shipped
314,2,20,41,Shipped
315,2,13,15,In Progress
316,21,19,24,Pending
317,25,14,11,In Progress
318,1,14,3,Shipped
319,6,19,7,Pending
320,4,24,48,Pending
321,23,11,48,Shipped
322,10,24,2,In Progress
323,14,16,13,Pending
324,3,13,7,Shipped
325,15,13,37,Shipped
326,4,14,4,In Progress
327,7,29,46,In Progress
328,7,28,17,In Progress
329,2,13,3,Shipped
330,24,6,29,Shipped
331,3,30,40,Shipped
332,19,25,24,In Progress
333,4,18,4,Shipped
334,14,12,24,Shipped
335,13,20,15,Pending
336,25,17,4,In Progress
337,1,28,44,Shipped
338,4,19,36,In Progress
339,25,28,5,Shipped
340,22,22,17,Shipped
341,3,3,36,Shipped
342,3,5,17,In Progress
343,18,10,41,In Progress
344,9,11,40,In Progress
345,18,20,22,Pending
346,10,6,42,In Progress
347,14,27,7,Pending
348,21,3,15,Shipped
349,2,10,37,In Progress
350,15,16,44,Pending
